,par_edu_group,mean,count
0,Not in Education,7.785057388464678,83292
1,Primary School,8.391390288985335,245618
2,Middle School,8.8918822173236,247235
3,High School,9.175597103265789,57444
4,Associate Degree,9.16895622895623,14850
5,Bachelor Degree,9.060966108297624,10268
6,Graduate and Above,9.102459016393443,488
